{
  "$schema": "https://schema.management.azure.com/schemas/2015-01-01/deploymentTemplate.json#",
  "contentVersion": "1.0.0.0",
  "parameters": {
    "resourcePrefix": {
      "type": "string",
      "defaultValue": "wth",
      "metadata": {
        "description": "Globally Unique Prefix"
      }
    },
    "adminUsername": {
      "type": "string",
      "metadata": {
        "description": "User name for the Virtual Machine."
      }
    },
    "adminPassword": {
      "type": "securestring",
      "metadata": {
        "description": "Password for the Virtual Machine."
      }
    },
    "ubuntuOSVersion": {
      "type": "string",
      "defaultValue": "20_04-lts",
      "allowedValues": [
        "20_04-lts"
      ],
      "metadata": {
        "description": "The Ubuntu version for the VM. This will pick a fully patched image of this given Ubuntu version. Allowed values: 20.04-LTS"
      }
    },
    "vnetPrefix": {
      "type": "string",
      "defaultValue": "10.0.0.0/16",
      "metadata": {
        "description": "Address Prefix"
      }
    },
    "subnetName": {
      "type": "string",
      "defaultValue": "Default",
      "metadata": {
        "description": "Subnet Name"
      }
    },
    "subnetPrefix": {
      "type": "string",
      "defaultValue": "10.0.0.0/24",
      "metadata": {
        "description": "Subnet Prefix"
      }
    },
    "scriptUri" : {
      "type" : "string",
      "metadata": {
        "description" : "URI for the script file to be used to set up the Linux VM"
      }
    },
    "scriptName" : {
      "type" : "string",
      "metadata": {
        "description" : "The name of the script file to be used to set up the Linux VM"
      }
    }
  },
  "variables": {
    "vnetName": "[concat(parameters('resourcePrefix'), '-VNET')]",
    "nsgName": "[concat(parameters('resourcePrefix'), '-NSG')]",
    "nicName": "[concat(parameters('resourcePrefix'), '-VM-NIC')]",
    "vmName": "[concat(parameters('resourcePrefix'), '-docker-build-VM')]",
    "publicIPAddressName": "[concat(parameters('resourcePrefix'), '-PIP')]",
    "publicIPAddressType": "Dynamic",
    "dnsNameForPublicIP": "[concat(parameters('resourcePrefix'), uniquestring(resourceGroup().id), '-pip')]",
    "subnetRef": "[concat(resourceId('Microsoft.Network/virtualNetworks',variables('vnetName')),'/subnets/',parameters('subnetName'))]",
    "vmSize": "Standard_DS2_v2",
    "imagePublisher": "Canonical",
    "imageOffer": "0001-com-ubuntu-server-focal",
    "extensionName": "vmSetupScript",
    "sshPort": "2266"
  },
  "resources": [
    {
      "apiVersion": "2015-06-15",
      "type": "Microsoft.Network/networkSecurityGroups",
      "name": "[variables('nsgName')]",
      "location": "[resourceGroup().location]",
      "properties": {
        "securityRules": [
          {
            "name": "ssh_rule",
            "properties": {
              "description": "Allow SSH",
              "protocol": "Tcp",
              "sourcePortRange": "*",
              "destinationPortRange": "[variables('sshPort')]",
              "sourceAddressPrefix": "Internet",
              "destinationAddressPrefix": "*",
              "access": "Allow",
              "priority": 100,
              "direction": "Inbound"
            }
          },
          {
            "name": "allow-app-endpoints",
            "properties": {
              "description": "allow-app-endpoints",
              "protocol": "*",
              "sourcePortRange": "*",
              "destinationPortRange": "3000-3010",
              "sourceAddressPrefix": "Internet",
              "destinationAddressPrefix": "*",
              "access": "Allow",
              "priority": 101,
              "direction": "Inbound"
            }
          }
        ]
      }
    },
    {
      "apiVersion": "2015-06-15",
      "type": "Microsoft.Network/virtualNetworks",
      "name": "[variables('vnetName')]",
      "location": "[resourceGroup().location]",
      "dependsOn": [
        "[concat('Microsoft.Network/networkSecurityGroups/', variables('nsgName'))]"
      ],
      "properties": {
        "addressSpace": {
          "addressPrefixes": [
            "[parameters('vnetPrefix')]"
          ]
        },
        "subnets": [
          {
            "name": "[parameters('subnetName')]",
            "properties": {
              "addressPrefix": "[parameters('subnetPrefix')]",
              "networkSecurityGroup": {
                "id": "[resourceId('Microsoft.Network/networkSecurityGroups', variables('nsgName'))]"
              }
            }
          }
        ]
      }
    },
    {
      "apiVersion": "2015-05-01-preview",
      "type": "Microsoft.Network/publicIPAddresses",
      "name": "[variables('publicIPAddressName')]",
      "location": "[resourceGroup().location]",
      "properties": {
        "publicIPAllocationMethod": "[variables('publicIPAddressType')]",
        "dnsSettings": {
          "domainNameLabel": "[variables('dnsNameForPublicIP')]"
        }
      }
    },
    {
      "apiVersion": "2015-05-01-preview",
      "type": "Microsoft.Network/networkInterfaces",
      "name": "[variables('nicName')]",
      "location": "[resourceGroup().location]",
      "dependsOn": [
        "[concat('Microsoft.Network/publicIPAddresses/', variables('publicIPAddressName'))]",
        "[concat('Microsoft.Network/virtualNetworks/', variables('vnetName'))]"
      ],
      "properties": {
        "ipConfigurations": [
          {
            "name": "ipconfig1",
            "properties": {
              "privateIPAllocationMethod": "Dynamic",
              "publicIPAddress": {
                "id": "[resourceId('Microsoft.Network/publicIPAddresses',variables('publicIPAddressName'))]"
              },
              "subnet": {
                "id": "[variables('subnetRef')]"
              }
            }
          }
        ]
      }
    },
    {
      "apiVersion": "2017-03-30",
      "type": "Microsoft.Compute/virtualMachines",
      "name": "[variables('vmName')]",
      "location": "[resourceGroup().location]",
      "dependsOn": [
        "[concat('Microsoft.Network/networkInterfaces/', variables('nicName'))]"
      ],
      "properties": {
        "hardwareProfile": {
          "vmSize": "[variables('vmSize')]"
        },
        "osProfile": {
          "computerName": "[variables('vmName')]",
          "adminUsername": "[parameters('adminUsername')]",
          "adminPassword": "[parameters('adminPassword')]"
        },
        "storageProfile": {
          "imageReference": {
            "publisher": "[variables('imagePublisher')]",
            "offer": "[variables('imageOffer')]",
            "sku": "[parameters('ubuntuOSVersion')]",
            "version": "latest"
          },
          "osDisk": {
            "name": "osdisk",
            "caching": "ReadWrite",
            "createOption": "FromImage"
          }
        },
        "networkProfile": {
          "networkInterfaces": [
            {
              "id": "[resourceId('Microsoft.Network/networkInterfaces',variables('nicName'))]"
            }
          ]
        }
      }
    },
    {
      "type": "Microsoft.Compute/virtualMachines/extensions",
      "name": "[concat(variables('vmName'), '/', variables('extensionName'))]",
      "apiVersion": "2015-05-01-preview",
      "location": "[resourceGroup().location]",
      "dependsOn": [
        "[concat('Microsoft.Compute/virtualMachines/', variables('vmName'))]"
      ],
      "properties": {
        "publisher": "Microsoft.Azure.Extensions",
        "type": "CustomScript",
        "typeHandlerVersion": "2.0",
        "autoUpgradeMinorVersion": true,
        "settings": {
          "fileUris": [
            "[parameters('scriptUri')]"
          ]
        },
        "protectedSettings": {
          "commandToExecute": "[concat('sh', ' ', parameters('scriptName'), ' ', parameters('adminUsername'))]"
        }
      }
    }
  ],
  "outputs": {
    "instanceView": {
      "type": "object",
      "value": "[reference(resourceId('Microsoft.Compute/virtualMachines/extensions', variables('vmName'), variables('extensionName'))).instanceView]"
    }
  }
}